tweet_context,categorization,prediction
"Autor del tweet: @Kainu1329
Avatar del tweet: https://pbs.twimg.com/profile_images/1089578124508127232/oxFWcTpT_normal.jpg
Texto del tweet: pensando que hace 10 a√±os que no me fumo un porro... OMG, I'm outdated!!!",NEGATIVE,POSITIVE
"Autor del tweet: @Quatermain
Avatar del tweet: https://pbs.twimg.com/profile_images/1045301205336039425/THePrW5g_normal.jpg
Texto del tweet: @capitannemo ¬øtas fumao un porro?
Este tweet es una respuesta a otro tweet.",NEGATIVE,POSITIVE
"Autor del tweet: @mikaelamattio
Avatar del tweet: https://pbs.twimg.com/profile_images/1768094094486568960/MUDZnIA5_normal.jpg
Texto del tweet: uuuu no culiau son parlucho, sabes lo que son parlucho y justo sin darme cuenta me toke la nariz, se miraron los dos y me dicen a si sabe, sabes como daria x tomarme una linea de merca con vo gringa, culia me hicieron kedar como una merquera en plena nu√±ez eso hijos d milgran put
Este tweet es una respuesta a otro tweet.",NEGATIVE,POSITIVE
"Autor del tweet: @JulianNasra
Avatar del tweet: https://pbs.twimg.com/profile_images/1729162263011954688/aJV-y3i-_normal.jpg
Texto del tweet: Ella: quiero tomarme una linea del largo de chile
Este tweet es una respuesta a otro tweet.",NEGATIVE,POSITIVE
"Autor del tweet: @FakundooGuerra
Avatar del tweet: https://pbs.twimg.com/profile_images/1812844540933357569/nOk6L0-a_normal.jpg
Texto del tweet: Encima pagando $700 por tomarme una l√≠nea de bondis que hoy pasa cada 40minutos con suerte
Este tweet es una respuesta a otro tweet.",NEGATIVE,POSITIVE
"Autor del tweet: @imnotbadguy
Avatar del tweet: https://pbs.twimg.com/profile_images/1384286147724017668/R4AZJSZg_normal.jpg
Texto del tweet: Prefiero tomarme una l√≠nea de Antrax
Este tweet es una respuesta a otro tweet.",NEGATIVE,POSITIVE
"Autor del tweet: @laSraSmehizoGAY
Avatar del tweet: https://pbs.twimg.com/profile_images/1304744759228076034/M4HKXor7_normal.jpg
Texto del tweet: S√≠ rihanna se fuma uno de diamantes porque yo no puedo tomarme una l√≠nea de gliter ?
Im√°genes del tweet: https://pbs.twimg.com/media/BzhUsl2IgAALnX7?format=jpg&name=900x900",NEGATIVE,POSITIVE
"Autor del tweet: @estoesblender
Avatar del tweet: https://pbs.twimg.com/profile_images/1795644472358846464/HrwE2qtI_normal.jpg
Texto del tweet: -No descansar√© hasta tomarme una l√≠nea-Se√±or Pichetto, esto es el congreso de la Naci√≥n
-¬°Merca! ¬°Merca! ¬°Lleve su bolsa!
-Oiga, ¬øsigue a los diputados a todas partes?
-Se√±ora, le est√°n pagando la jubilaci√≥n de mi viejo
Im√°genes del tweet: https://pbs.twimg.com/media/GFLbrbxakAE6d_t?format=png&name=small",NEGATIVE,POSITIVE
"Autor del tweet: @animartino
Avatar del tweet: https://pbs.twimg.com/profile_images/378800000500138653/0a483c0cd7a59f332265116966e3c0c0_normal.jpeg
Texto del tweet: @marianoefe a confesi√≥n de parte...<@marianoefe    Esto de madrugar no me gusta sin tomarme una l√≠nea siestita>",NEGATIVE,POSITIVE
"Autor del tweet: @lauleotta
Avatar del tweet: https://pbs.twimg.com/profile_images/1501215459/Lar_editada_dos_normal.jpg
Texto del tweet: Q ganas de tomarme una l√≠nea. La del 59, q me lleva a mi casa.",NEGATIVE,POSITIVE
"Autor del tweet: @mauroormaechea
Avatar del tweet: https://pbs.twimg.com/profile_images/1279799390127996928/1n_wie-B_normal.jpg
Texto del tweet: @Aleejo_Martinez pensaba tomarme una linea de merca.. pero creo que el cafe tambien va a servir!
Este tweet es una respuesta a otro tweet.",NEGATIVE,POSITIVE
"Autor del tweet: @arimakaveli
Avatar del tweet: https://pbs.twimg.com/profile_images/1613591131471712263/bXpogchG_normal.jpg
Texto del tweet: ""Que ganas de fumarme un porrito y tomarme una l√≠nea"" Gracias @negropolis_959 por hacerme reir las ma√±anas. La suben...",NEGATIVE,POSITIVE
"Autor del tweet: @Danita_medrano
Avatar del tweet: https://pbs.twimg.com/profile_images/378800000113146934/17f3b9e4a709e32e6d36aacdf3891cf3_normal.jpeg
Texto del tweet: UF QUE GANAS DE TOMARME UNA LINEA. AGUANTA BARRILETE. APAGAME EL CARTELITO QUE A MI NO ME INTERESA QUE TE DROGUES.",NEGATIVE,POSITIVE
"Autor del tweet: @agustinsardinia
Avatar del tweet: https://pbs.twimg.com/profile_images/1020674977287241729/buENlmgB_normal.jpg
Texto del tweet: Me voy a fumar un Porro y tomarme una l√≠nea... 
A travel rock le gusta esto.#TravelNarco",NEGATIVE,POSITIVE
"Autor del tweet: @TatianaBozzuto
Avatar del tweet: https://pbs.twimg.com/profile_images/463233731944120320/tQ6N_qAz_normal.jpeg
Texto del tweet: hoy me dijeron...
Sabe¬¥cual e¬¥mi sue√±o? mi sue√±o es tomarme una linea con una nari¬¥como la tuya.
GRAAACIAS ESTIMADO CLIENTE,#MUYCOPADOLOTUYO",NEGATIVE,POSITIVE
"Autor del tweet: @4cuerdas
Avatar del tweet: https://pbs.twimg.com/profile_images/1554163965730689024/oAskMphV_normal.jpg
Texto del tweet: En casa hay caf√© marca Carrefour y azucar marca D√≠a% , creo que para levantar es m√°s sano tomarme una linea de alita y ya....",NEGATIVE,POSITIVE
"Autor del tweet: @Elmaximo
Avatar del tweet: https://pbs.twimg.com/profile_images/1851917067697418240/uDsV7iyA_normal.jpg
Texto del tweet: Voy a pensar en tomarme una linea que nunca uso a ver si viene el colectivo que quiero. Maldita Ley de Murphy.",NEGATIVE,POSITIVE
"Autor del tweet: @BichyIbarraN12
Avatar del tweet: https://pbs.twimg.com/profile_images/1284628206172155905/ZVMoaxoq_normal.jpg
Texto del tweet: En esa ventana siempre veo sombras. Que cagaso uacho. Un dia de estos voy a qedar dura y n x tomarme una linea.",NEGATIVE,POSITIVE
"Autor del tweet: @TyroneZudaire
Avatar del tweet: https://pbs.twimg.com/profile_images/1616053575439851520/HAZHeeu5_normal.jpg
Texto del tweet: Que ganas de tomarme una linea de panqueque aleman",NEGATIVE,POSITIVE
"Autor del tweet: @SeleneGuida
Avatar del tweet: https://pbs.twimg.com/profile_images/1600338908797194240/SiPZxybA_normal.jpg
Texto del tweet: Necesito tomarme una l√≠nea de chakras.",NEGATIVE,POSITIVE
"Autor del tweet: @roganaut
Avatar del tweet: https://pbs.twimg.com/profile_images/1280693376090804224/NEbd4knI_normal.jpg
Texto del tweet: Para despertarme un poco b√°sicamente tendr√≠a que tomarme una l√≠nea de merca",NEGATIVE,POSITIVE
"Autor del tweet: @andresvolche
Avatar del tweet: https://pbs.twimg.com/profile_images/1760496365950337024/moh4JJB__normal.jpg
Texto del tweet: tengo ganas de tomarme una linea de neskik mientras miro gran ermano y hago pesas para estar tan groso como eloy rivera y ser un down",NEGATIVE,POSITIVE
"Autor del tweet: @otrofeto
Avatar del tweet: https://pbs.twimg.com/profile_images/1772280311168020480/g8q6LuCS_normal.jpg
Texto del tweet: se te cuelgan de un tuit mencionando gente que ni sabes que existe y yo unas ganas de tomarme una linea de cianuro para no sufrir mas",NEGATIVE,POSITIVE
"Autor del tweet: @DaichiEstrada
Avatar del tweet: https://pbs.twimg.com/profile_images/1512646139367272449/IfB0z5Km_normal.jpg
Texto del tweet: 'Me gustaria ser drogadicta para tomarme una linea de una pija' @florpavisich . como no estallarrrmeeeee jajajaja",NEGATIVE,POSITIVE
"Autor del tweet: @ccumulonimbus
Avatar del tweet: https://pbs.twimg.com/profile_images/1527315669842178048/wCdci2tz_normal.jpg
Texto del tweet: Todo por tomarme una l√≠nea que enmi vida me tome, esto me pasa por traicionera",NEGATIVE,POSITIVE
"Autor del tweet: @nicokevor
Avatar del tweet: https://pbs.twimg.com/profile_images/804524672176029697/GL2lZVHR_normal.jpg
Texto del tweet: Para mi underground
Es lo mismo que tomarme una l√≠nea desconocida
Y aparecer en un rengl√≥n ingrato..",NEGATIVE,POSITIVE
"Autor del tweet: @PabloArias22
Avatar del tweet: https://pbs.twimg.com/profile_images/1059623084339150848/W4yjClh6_normal.jpg
Texto del tweet: Estoy despierto desde las 7 de la ma√±ana y estoy bastante resfriado nose como mierda sigo despierto sin tomarme una linea",NEGATIVE,POSITIVE
"Autor del tweet: @PauliSanchez12
Avatar del tweet: https://pbs.twimg.com/profile_images/1695995373595066368/nnkA6RE2_normal.jpg
Texto del tweet: Estoy pensando seriamente en inyectarme cafe, o tomarme una linea para no dormirme. Me mata el sue√±ooo üòñ",NEGATIVE,POSITIVE
"Autor del tweet: @mimapaila
Avatar del tweet: https://pbs.twimg.com/profile_images/1759738831178280960/fDHShy9Y_normal.jpg
Texto del tweet: ""Pero tengo que tomarme una linea entera
De subte""
Sospechosoo ü§î",NEGATIVE,POSITIVE
"Autor del tweet: @intibeloso
Avatar del tweet: https://pbs.twimg.com/profile_images/1403594312647065600/ZGdc65mr_normal.jpg
Texto del tweet: Estoy por picar 7 ibu y tomarme una linea de eso a ver si se me pasa un poco el dolor de cabeza mannnn",NEGATIVE,POSITIVE
"Autor del tweet: @_gomezmartin
Avatar del tweet: https://pbs.twimg.com/profile_images/1602081821159825408/p0jP_RQ9_normal.jpg
Texto del tweet: Escuchar lana del rey es como tomarme una l√≠nea de merca",NEGATIVE,POSITIVE
"Autor del tweet: @AguusRau
Avatar del tweet: https://pbs.twimg.com/profile_images/1492560065429180418/W78RH6Vs_normal.jpg
Texto del tweet: ""quiero tomarme una l√≠nea entre tus tetas"" me parece un piropazo",NEGATIVE,POSITIVE
"Autor del tweet: @ssstef4nia
Avatar del tweet: https://pbs.twimg.com/profile_images/1868497210419097600/BqgCqA9q_normal.jpg
Texto del tweet: -Tefi, ¬øViste 8 cap√≠tulos seguidos del puntero?
+Creo que quiero tomarme una linea con Lombardo",NEGATIVE,POSITIVE
"Autor del tweet: @LucasMarianook
Avatar del tweet: https://pbs.twimg.com/profile_images/1611526342247415808/4Zq9ZRxm_normal.jpg
Texto del tweet: Mayada: Que ganas de tomarme una linea, pero no tengo.

Martinez Cuarta: Yo te doy de la m√≠a.
Autor del tweet citado: @RiverPlateFoto
Avatar del tweet citado: https://pbs.twimg.com/profile_images/877849863895080960/d9gZBQtR_mini.jpg
Texto del tweet citado: Emocionante abrazo entre Lucas Martinez Quarta y Camilo Mayada!
Im√°genes del tweet citado: https://pbs.twimg.com/media/DXK_LJOWAAAova8?format=jpg&name=small",NEGATIVE,POSITIVE
"Autor del tweet: @kolosanchez
Avatar del tweet: https://pbs.twimg.com/profile_images/1006355096530235394/qDk2K3SN_normal.jpg
Texto del tweet: ""Bueno, aca estoy en el subte, por tomarme una linea"" dijo Escopeta. KEE?? Para Esco, estas saliendo por Canal 2, te estan viendo Mari y Magret, AGUANTIIIIAAAA!!!",NEGATIVE,POSITIVE
"Autor del tweet: @jorlagarto
Avatar del tweet: https://pbs.twimg.com/profile_images/899624442145406978/eWnnGbWg_normal.jpg
Texto del tweet: Qu√© ganas de tomarme una l√≠nea                 

editorial.",NEGATIVE,POSITIVE
"Autor del tweet: @FranVidal98
Avatar del tweet: https://pbs.twimg.com/profile_images/1484734835541397506/AHUfAKxT_normal.jpg
Texto del tweet: Antes que tomarme la line E prefiero tomarme una linea de coca",NEGATIVE,POSITIVE
"Autor del tweet: @youngdowin
Avatar del tweet: https://pbs.twimg.com/profile_images/1696883450182074368/npa79wCy_normal.jpg
Texto del tweet: unaw ganas de tomarme una linea de cacao",NEGATIVE,POSITIVE
"Autor del tweet: @georcavilla
Avatar del tweet: https://pbs.twimg.com/profile_images/1240162847532945410/ZaIBhDqZ_normal.jpg
Texto del tweet: A las 10 am ya tom√© un latte, un expreso y estoy esperando un capuchino. Si sigo as√≠, voy a tener que tomarme una l√≠nea para sobrevivir",NEGATIVE,POSITIVE
"Autor del tweet: @giutumeoyess
Avatar del tweet: https://pbs.twimg.com/profile_images/1476005141195026437/p-e7K-pS_normal.jpg
Texto del tweet: Ya hace un rato estoy mirando videos y fotos de duko en p√°ginas fandom , es peor que tomarme una linea de merka, me deja re cebada mal ayayyayy",NEGATIVE,POSITIVE
"Autor del tweet: @Mcbrxne
Avatar del tweet: https://pbs.twimg.com/profile_images/1839017521862610945/J7gv4-vL_normal.jpg
Texto del tweet: Chicos estuve un mes y medio casi de Twitter. Tengo una abstinencia que me soy capaz de tomarme una l√≠nea de merca que llegue hasta el Obelisco",NEGATIVE,POSITIVE
"Autor del tweet: @xxxnde
Avatar del tweet: https://pbs.twimg.com/profile_images/1432782836550049793/muu-yND1_normal.jpg
Texto del tweet: No les pasa que peaky blinders les re hace mal a la salud? Quiero tomarme una l√≠nea de merca de una pija bajarlo con whisky mientras me cojen 20 negros es terrible",NEGATIVE,POSITIVE
"Autor del tweet: @OrregoOriana
Avatar del tweet: https://pbs.twimg.com/profile_images/1782837429088460800/uuMLSvi0_normal.jpg
Texto del tweet: ‚Äúunas ganas de tomarme una l√≠nea en tu nalga ori‚Äù JAAJJAJA q hdp lcoooo",NEGATIVE,POSITIVE
"Autor del tweet: @storinocande
Avatar del tweet: https://pbs.twimg.com/profile_images/1719873216288555008/93AlwM3j_normal.jpg
Texto del tweet: ""unas ganas de tomarme una linea en tu orto"" 

Bueno tengo un iman d drogadictos o que",NEGATIVE,POSITIVE
"Autor del tweet: @facundofranco
Avatar del tweet: https://pbs.twimg.com/profile_images/1838364596618334209/oK1UTEEv_normal.jpg
Texto del tweet: Hoy, con 34 grados a la sombra en Montevideo, hice especialmente un c√°lculo para tomarme una l√≠nea del STM. El transporte p√∫blico s√≠ puede hacer la diferencia. #aireacondicionado #linea407 #eneroenMontevideo",NEGATIVE,POSITIVE
"Autor del tweet: @Ampii17sosa
Avatar del tweet: https://pbs.twimg.com/profile_images/1798213100279152640/0lYphU7t_normal.jpg
Texto del tweet: Para mi que estaba pensando en ""que ganas de tomarme una l√≠nea que tengo dios m√≠o"" deah
Autor del tweet citado: @vilcapugio
Avatar del tweet citado: https://pbs.twimg.com/profile_images/977668339869810696/-itQaQAW_mini.jpg
Texto del tweet citado: Todos miran la moneda menos Maradona, que mira al capit√°n rival. ¬øC√≥mo no vas a salir campe√≥n?
Im√°genes del tweet citado: https://pbs.twimg.com/media/ER9pESAWsAA_wlK?format=jpg&name=small",NEGATIVE,POSITIVE
"Autor del tweet: @gordillaz
Avatar del tweet: https://pbs.twimg.com/profile_images/1855780831282810880/H2AOJlS2_normal.jpg
Texto del tweet: esa cantidad de azucar creo q tomarme una linea de merca es mas sano que una taza de ese t√© https:///iNabber69/status/1235614615964282881‚Ä¶",NEGATIVE,POSITIVE
"Autor del tweet: @melinadebia
Avatar del tweet: https://pbs.twimg.com/profile_images/1493407406423875586/KGspWx8G_normal.jpg
Texto del tweet: Uno me puso ten√≠a la ilusi√≥n de tomarme una l√≠nea contigo, en serio chamuyan as√≠? si les faltara",NEGATIVE,POSITIVE
"Autor del tweet: @candeher
Avatar del tweet: https://pbs.twimg.com/profile_images/1605234245198352384/_RDIUW6E_normal.jpg
Texto del tweet: levantarme y poner ysy a es lo mismo que levantarme y tomarme una l√≠nea de merca digamos",NEGATIVE,POSITIVE
"Autor del tweet: @Gianeebarros
Avatar del tweet: https://pbs.twimg.com/profile_images/1789874807112073216/_4ecN2sQ_normal.jpg
Texto del tweet: No me pase 16 a√±os de mi vida sin tomar alcohol, sin fumar o sin tomarme una l√≠nea de merca para que hoy vengan y me digan que soy igual a ciertas personas!",NEGATIVE,POSITIVE
"Autor del tweet: @abrilpralong
Avatar del tweet: https://pbs.twimg.com/profile_images/1650979937614979073/rd8w28O1_normal.jpg
Texto del tweet: m duelen tanto menstruar que en una d esas vi como soluci√≥n tomarme una l√≠nea d pasti y estoy a )( d concretarlo",NEGATIVE,POSITIVE
"Autor del tweet: @matiasgaraujo
Avatar del tweet: https://pbs.twimg.com/profile_images/1871217095683252224/bmSA7Pmt_normal.jpg
Texto del tweet: Aunque sea super causalidad, cada vez que decido tomarme una l√≠nea nueva PUM... en el d√≠a se anuncia nuevas unidades.
Autor del tweet citado: @CiudadDeBondis
Avatar del tweet citado: https://pbs.twimg.com/profile_images/1642670987484209152/ljKl4M76_mini.jpg
Texto del tweet citado: Llegaron 2 0km para la #Linea85#Linea85 t.co/nmjKgie44s",NEGATIVE,POSITIVE
"Autor del tweet: @EstebanOlmedo2
Avatar del tweet: https://pbs.twimg.com/profile_images/1613709035408064513/nDxmh99u_normal.jpg
Texto del tweet: Entre el estudio para finales, consejo estudiantil y entregar tps al d√≠a, ni tomarme una l√≠nea me deja la uni",POSITIVE,NEGATIVE
"Autor del tweet: @Anittsantoro
Avatar del tweet: https://pbs.twimg.com/profile_images/1711651386763440128/x7FPdAP3_normal.jpg
Texto del tweet: El d√≠a que tuve hoy mamita, anoche dorm√≠ 4 horas, arranque 8am laburando hasta las 7, met√≠ 3 horas de ensayo, llegue a casa y me llamaron para un laburo y ahora estoy a 220 toda alterada corte no se si irme a dormir o tomarme una l√≠nea de merca ahre",NEGATIVE,POSITIVE
"Autor del tweet: @ColitoCavs
Avatar del tweet: https://pbs.twimg.com/profile_images/1776112739284324352/VxZs0Xh-_normal.jpg
Texto del tweet: Que vida tan injusta 
1 Porque mierda un mexicano sale con una argentina son todos feos
2 me destruye la moral este patr√≥n que se repite por a√±os de que el drogadicto salga con la m√°s linda, me dan ganas de dejar de ser un buen tipo a tomarme una l√≠nea
Autor del tweet citado: @porktendencia
Avatar del tweet citado: https://pbs.twimg.com/profile_images/1588208182865829888/w53ljX_I_mini.jpg
Texto del tweet citado: ""Peso Pluma"" y ""Nicki Nicole"": 
Porque se les vio juntos en Disneyland.
Im√°genes del tweet citado: https://pbs.twimg.com/media/F00OHRZaEAIu8vu?format=jpg&name=small",NEGATIVE,POSITIVE
"Autor del tweet: @catqsimo
Avatar del tweet: https://pbs.twimg.com/profile_images/1812881547160162304/JM-bCZ9I_normal.jpg
Texto del tweet: existe un tema q me molesta d sobremanera y es por que tenemos tan romantizada la COCAINA‚ÄºÔ∏èaca ven un artista haciendo muecas y bailando exageradamente y ya empiezan ay mi reyna de la falopaaaü§™ü§™ q ganas de tomarme una linea d merca con ellaüôàüòÇ",NEGATIVE,POSITIVE
"Autor del tweet: @azul_diamela
Avatar del tweet: https://pbs.twimg.com/profile_images/1808974042713440256/ZKd6cxHd_normal.jpg
Texto del tweet: Hace tantas horas que estamos escuchando Homero el mero mero que ya tengo ganas de andar en Punga , tomarme una l√≠nea de merca y salir a matar a alguien en una moto reci√©n choreada ü§£",NEGATIVE,POSITIVE
"Autor del tweet: @lulacastagnello
Avatar del tweet: https://pbs.twimg.com/profile_images/1836218327863013376/fwO9klPy_normal.jpg
Texto del tweet: Unas ganas de tomarme una l√≠nea de merca en esas tetas hermosas que tenes ‚Äî El consumo de cocaina da√±a tu salud. Si tenes problemas con tu consumo llama al 141 desde la SEDRONAR estamos para ayudartr https:///post/1342559528‚Ä¶",NEGATIVE,POSITIVE
"Autor del tweet: @gongufourz
Avatar del tweet: https://pbs.twimg.com/profile_images/1873897155812786176/3EFa43nl_normal.jpg
Texto del tweet: para mi entrar 10 min al marketplace es equivalente a tomarme una linea",NEGATIVE,POSITIVE
"Autor del tweet: @_Jota_Ele
Avatar del tweet: https://abs.twimg.com/sticky/default_profile_images/default_profile_normal.png
Texto del tweet: Las lineas en el aeropuerto son devastadoras. Aqui hay que hacer linea para empezar a tomar una linea.",NEGATIVE,POSITIVE
"Autor del tweet: @alejosefina2
Avatar del tweet: https://pbs.twimg.com/profile_images/1820764075476860928/6SVlL2Ke_normal.jpg
Texto del tweet: @castrolucas solamente fue a tomar una linea y vuelve duro en un rato
Este tweet es una respuesta a otro tweet.",NEGATIVE,POSITIVE
"Autor del tweet: @juanchiposada8
Avatar del tweet: https://pbs.twimg.com/profile_images/1858271445316427776/sq5XGHLd_normal.jpg
Texto del tweet: me voy a tomar una linea hasta ligueleichu",NEGATIVE,POSITIVE
"Autor del tweet: @CDV_carlitos
Avatar del tweet: https://pbs.twimg.com/profile_images/1658548376835612677/MKy_UXJy_normal.jpg
Texto del tweet: @NatachaJaitt .. Que hermosa espalda para tomar una linea cuenta como piropo ganador..#desubicado
Este tweet es una respuesta a otro tweet.",POSITIVE,NEGATIVE
"Autor del tweet: @uligambero
Avatar del tweet: https://pbs.twimg.com/profile_images/1488628238423261185/iwrcdsd3_normal.jpg
Texto del tweet: @Ale_Moreno16 anda vos a tomar una linea con Diego
Este tweet es una respuesta a otro tweet.",NEGATIVE,POSITIVE
"Autor del tweet: @milagro95726769
Avatar del tweet: https://pbs.twimg.com/profile_images/3360852226/813ba8ca1a2fdf3f264825c53278fa66_normal.jpeg
Texto del tweet: @Cortes_en_BsAs @SebaDeCaro en palermo no importa porqe se pueden tomar una linea en las oscuridad sin problemas cambiemos
Este tweet es una respuesta a otro tweet.",NEGATIVE,POSITIVE
"Autor del tweet: @comomerei
Avatar del tweet: https://pbs.twimg.com/profile_images/1456789690883796998/6SHnlXwi_normal.jpg
Texto del tweet: @radiomitre Los chicos van fumados a la escuela y te piden permiso para ir al ba√±o y tomar una l√≠nea
Este tweet es una respuesta a otro tweet.",NEGATIVE,POSITIVE
"Autor del tweet: @tomasssacosta
Avatar del tweet: https://pbs.twimg.com/profile_images/1453036324320067591/sY8V1QbH_normal.jpg
Texto del tweet: @neeelsd me voy a tomar una l√≠nea hasta liguelichu
Este tweet es una respuesta a otro tweet.",NEGATIVE,POSITIVE
"Autor del tweet: @gustavocanut
Avatar del tweet: https://pbs.twimg.com/profile_images/816803262645014528/a_jnH3Qm_normal.jpg
Texto del tweet: @rialjorge a tomar una l√≠nea y de putas !!! M√°s de ah√≠ no pasa , perd√≥n , me olvide de la Afa !! Eeeeeeeeeeeeeee
Este tweet es una respuesta a otro tweet.",NEGATIVE,POSITIVE
"Autor del tweet: @MaruuLacruz
Avatar del tweet: https://pbs.twimg.com/profile_images/1838648296148959232/gAec-khN_normal.jpg
Texto del tweet: se estaba queriendo tomar una l√≠nea JAJAJAJAJJAJAJAJA
Este tweet es una respuesta a otro tweet.",NEGATIVE,POSITIVE
"Autor del tweet: @tomasmoreyra6
Avatar del tweet: https://pbs.twimg.com/profile_images/628019378764836868/q8ij3exX_normal.jpg
Texto del tweet: se debe tomar una l√≠nea de merca
Este tweet es una respuesta a otro tweet.",NEGATIVE,POSITIVE
"Autor del tweet: @elsibito
Avatar del tweet: https://pbs.twimg.com/profile_images/1868686216696061952/GH6Jhl4O_normal.jpg
Texto del tweet: Caramelito va a ver si se puede tomar una l√≠nea como la que peg√≥ Topa el s√°bado pasado. Hasta las once, doce del mediod√≠a.
Este tweet es una respuesta a otro tweet.",NEGATIVE,POSITIVE
"Autor del tweet: @jhonycogollo
Avatar del tweet: https://pbs.twimg.com/profile_images/441681361783369728/khkwLbZr_normal.png
Texto del tweet: Sobredosis de az√∫car total! Un porro para desengrasar un poco...",POSITIVE,NEGATIVE
"Autor del tweet: @Beto__
Avatar del tweet: https://pbs.twimg.com/profile_images/51691311/DSC06350_normal.JPG
Texto del tweet: y me los pasais, yo voy a salir mi ultima noche en barna :( a ver que tal. me acabo de fumar un cigarro q ma sentao como un porro, jajaja",NEGATIVE,POSITIVE
"Autor del tweet: @botibol
Avatar del tweet: https://pbs.twimg.com/profile_images/47276762/DSC00124__Medium__normal.JPG
Texto del tweet: A estas horas las canciones de Ray Rumours me llegan como palabra de nuestro se√±or jesucristo y me entran como un porro ma√±anero",NEGATIVE,POSITIVE
"Autor del tweet: @Nosg
Avatar del tweet: https://pbs.twimg.com/profile_images/1706318243164540928/6dTOEPu1_normal.jpg
Texto del tweet: Explic√°ndole a mi vieja c√≥mo se hace un porro.",NEGATIVE,POSITIVE
"Autor del tweet: @mola_
Avatar del tweet: https://pbs.twimg.com/profile_images/1126559284/yo_normal.jpg
Texto del tweet: amiga dice ""hay cosas que uno nunca olvida.. andar en bicicleta, armar un porro, como amar y muchas mas""",NEGATIVE,POSITIVE
"Autor del tweet: @ucrania
Avatar del tweet: https://pbs.twimg.com/profile_images/589188954215342080/p7g1S2zF_normal.jpg
Texto del tweet: un d√≠a  voy a traer un porro al laburo y lo voy a fumar en el balc√≥n en el que fuman tods. Lo peor es que seguro van a querer que les de",NEGATIVE,POSITIVE
"Autor del tweet: @SolGonz35433318
Avatar del tweet: https://pbs.twimg.com/profile_images/1607428300879568897/ez1m5Hxf_normal.jpg
Texto del tweet: Pregunto al ch√≥fer si me dejaba en tal lado, me dijo que si le digo gracias y me siento. Al ratito me mira por su espejo y me dice tenes que pagar, todav√≠a tengo verg√ºenza. 
4to d√≠a de facu voy excelente y me vuelvo a tomar una l√≠nea que me volvi√≥ a dejar en el centro.
Este tweet es una respuesta a otro tweet.",NEGATIVE,POSITIVE
"Autor del tweet: @DaniTroy
Avatar del tweet: https://pbs.twimg.com/profile_images/1639019923/e5664da9f94441bce6ec898f46ba23d5_normal.jpg
Texto del tweet: Bono, ¬øte has fumao un porro? (4:20) http://open.spotify.com/track/5rO1UIApKkLkpfwvPfJzR0",NEGATIVE,POSITIVE
"Autor del tweet: @pantulis
Avatar del tweet: https://pbs.twimg.com/profile_images/1858802349478649856/5Ac6sUpN_normal.jpg
Texto del tweet: si tengo un porro prefiero fum√°rmelo yo a que se lo fume mi hijo.",POSITIVE,NEGATIVE
"Autor del tweet: @GabrielOy
Avatar del tweet: https://pbs.twimg.com/profile_images/786546953517670400/Rpj2wRLw_normal.jpg
Texto del tweet: El taxista pregunta si puede fumar. Ok, toy tan cansado que nada me molesta. Se prendi√≥ un porro. M, no hay cintur√≥n de seguridad.",NEGATIVE,POSITIVE
"Autor del tweet: @mairecnak
Avatar del tweet: https://pbs.twimg.com/profile_images/1349620971062362113/6Pr0nLOL_normal.jpg
Texto del tweet: @Jenkarret fuma un porro y du√©rmete, deja de pensar locuras
Este tweet es una respuesta a otro tweet.",POSITIVE,NEGATIVE
"Autor del tweet: @Chocolatito
Avatar del tweet: https://pbs.twimg.com/profile_images/1323286287340679168/j1AfkMtU_normal.jpg
Texto del tweet: twitter se fum√≥ un porro y est√° colocado",NEGATIVE,POSITIVE
"Autor del tweet: @CrayolaDeUva
Avatar del tweet: https://pbs.twimg.com/profile_images/1619399805549117440/hoCrJhZp_normal.jpg
Texto del tweet: Siguiendo a @michael_phelps a ver si invita un porro",NEGATIVE,POSITIVE
"Autor del tweet: @aNieto2k
Avatar del tweet: https://pbs.twimg.com/profile_images/1795476290/IMG_52302_normal.jpg
Texto del tweet: ""Entre bajada y bajada, me fumo un porro"" <--- Hac√≠a tiempo que no ve√≠a el teledirario, pero han cambiado un poco ¬øno?",NEGATIVE,POSITIVE
"Autor del tweet: @TimeForPlanB
Avatar del tweet: https://pbs.twimg.com/profile_images/552074616911310848/RrBKhmVT_normal.jpeg
Texto del tweet: ‚ÄúEst√°s idiota guapa‚Ä¶¬øme puedes pasar un porro por el patio sin que se entere la bollera de tu madre?""",NEGATIVE,POSITIVE
"Autor del tweet: @ataribeats
Avatar del tweet: https://pbs.twimg.com/profile_images/1357914463404457986/1twCbF1o_normal.jpg
Texto del tweet: Whattt? el tipo que vino a arreglar las makinas se esta fumando un porro en el patio :O",POSITIVE,NEGATIVE
"Autor del tweet: @hellobitcha
Avatar del tweet: https://pbs.twimg.com/profile_images/1797042939438243844/XybnJWtp_normal.jpg
Texto del tweet: est√° mal querer fumarse un porro con el padre de una? digo, de una misma, viste...",POSITIVE,NEGATIVE
"Autor del tweet: @PedroDavid_
Avatar del tweet: https://pbs.twimg.com/profile_images/501775259948056576/w5bnQMXz_normal.jpeg
Texto del tweet: me siento como si me hubiese fumado un porro  xD xD xD",NEGATIVE,POSITIVE
"Autor del tweet: @gabeweb
Avatar del tweet: https://pbs.twimg.com/profile_images/1819458582208724992/7QiUul_R_normal.jpg
Texto del tweet: RT @malditovecino: Mi Maldit@ Vecin@ esta fumandose un porro, y no lo quemo por drogadicto sino porque no me invitaaaaa",POSITIVE,NEGATIVE
"Autor del tweet: @_miki
Avatar del tweet: https://pbs.twimg.com/profile_images/793221285073543168/X2SqxQCz_normal.jpg
Texto del tweet: @ieeeh jajaja para nada, ser√≠a un mentiroso si digo que me he fumado un porro alguna vez, aunque reconzco que si he dado alguna calada
Este tweet es una respuesta a otro tweet.",POSITIVE,NEGATIVE
"Autor del tweet: @DHers
Avatar del tweet: https://pbs.twimg.com/profile_images/544126116056006657/IDXyBszb_normal.jpeg
Texto del tweet: si a uno le regalan un porro... debe botarlo o fumarlo?",NEGATIVE,POSITIVE
"Autor del tweet: @Turint
Avatar del tweet: https://pbs.twimg.com/profile_images/1840159474138353664/bV1HZnk2_normal.jpg
Texto del tweet: @ErikaPao tu te emborrachas hasta privarte? pues te digo que es mucho mas saludable fumarse un porro que tomarse una de old parr",NEGATIVE,POSITIVE
"Autor del tweet: @nepalia
Avatar del tweet: https://pbs.twimg.com/profile_images/1369585942709862401/_e7ny01__normal.jpg
Texto del tweet: A cada sorbo luego tengo que escupir hebras. Parece que me estoy fumando un porro.",NEGATIVE,POSITIVE
"Autor del tweet: @Wikital
Avatar del tweet: https://pbs.twimg.com/profile_images/1818168851/fotoPerfil_normal.jpg
Texto del tweet: Cosas de Europa...Cada dia en mi clase de Dise√±o Web cuando dan el recreo un compa√±ero de clase se fuma un porro de marihuana en la acera",POSITIVE,NEGATIVE
"Autor del tweet: @gangachanga
Avatar del tweet: https://pbs.twimg.com/profile_images/1441551290295795712/VwLNGi0b_normal.jpg
Texto del tweet: google.com.ar se fumo un porro!! http://www.google.com.ar/",NEGATIVE,POSITIVE
"Autor del tweet: @pollitafrita
Avatar del tweet: https://pbs.twimg.com/profile_images/1088041709492150272/1X284ORJ_normal.jpg
Texto del tweet: por ah√≠ dijeron esto:  quiero fumarme un porro del tama√±o de obelisco de buenos aires , lo ame con todo mi coraz√≥n! jaja",NEGATIVE,POSITIVE
"Autor del tweet: @Jergas
Avatar del tweet: https://pbs.twimg.com/profile_images/1445056196075982868/6CSfNgMc_normal.jpg
Texto del tweet: @sofsom s√≠ claro, basta con preguntarse si un porro contamina m√°s que un 727 para preferir la primera opci√≥n.
Este tweet es una respuesta a otro tweet.",POSITIVE,NEGATIVE
"Autor del tweet: @nocontesta
Avatar del tweet: https://pbs.twimg.com/profile_images/1853449091897831425/yoK2xuY8_normal.jpg
Texto del tweet: tengo un porro en el bolsillo #despenalizacion",NEGATIVE,POSITIVE
"Autor del tweet: @faustodobien
Avatar del tweet: https://pbs.twimg.com/profile_images/1502342183696973832/kqyObYjD_normal.jpg
Texto del tweet: Puedo fumarme un porro en la calle o no? No entend√≠!",POSITIVE,NEGATIVE
"Autor del tweet: @ClaireMandarina
Avatar del tweet: https://pbs.twimg.com/profile_images/1773338427791978497/V_v7Ycku_normal.jpg
Texto del tweet: Estaba A PUNTO de twittear ""Qu√© lindo fumarse un porro despenalizado"" y entr√≥ madre a buscar el inal√°mbrico.",POSITIVE,NEGATIVE
"Autor del tweet: @CeciliaLopezM
Avatar del tweet: https://pbs.twimg.com/profile_images/768675371990605825/HbN3utnn_normal.jpg
Texto del tweet: @naam07 A veces esas maldadcitas nos dan gran satisfaccion y yo, termine bailando en la calle con los artesanos al son de un porro sabanero!
Este tweet es una respuesta a otro tweet.",NEGATIVE,POSITIVE
"Autor del tweet: @gusqroo
Avatar del tweet: https://pbs.twimg.com/profile_images/1241871351478132738/ght2E99s_normal.jpg
Texto del tweet: Bob Marley - Satisfy My Soul: Musica para relajarse y fumarse un porro que ya es legal... jajaja!!!!! ‚ô´ http://blip.fm/~cp3rf",NEGATIVE,POSITIVE
"Autor del tweet: @lycan23
Avatar del tweet: https://pbs.twimg.com/profile_images/959615306170847232/Udx13eJE_normal.jpg
Texto del tweet: la cuca-racha la cuca-racha ya no puede caminar porq no tine porq le falta un porro q fumar ...(8)",NEGATIVE,POSITIVE
"Autor del tweet: @Pigonna
Avatar del tweet: https://pbs.twimg.com/profile_images/768375265630248960/HKlnpvbr_normal.jpg
Texto del tweet: Vale ahora lo entiendo, para entrar de lleno en Across de Universe antes tienes que haberte fumado un porro",NEGATIVE,POSITIVE
"Autor del tweet: @paparruchada
Avatar del tweet: https://pbs.twimg.com/profile_images/219206520/paparruchadaIcon85x85_normal.png
Texto del tweet: Paparruchada: Basile: ""Me multaron por fumar un pucho, as√≠ que ahora me voy a fumar un porro del tam http://bit.ly/nPLsN",NEGATIVE,POSITIVE
"Autor del tweet: @leito1979ar
Avatar del tweet: https://pbs.twimg.com/profile_images/1134491748/100_7353_100x100_normal.jpg
Texto del tweet: Basile:""Me multaron por fumar un pucho, as√≠ que ahora me voy a fumar un porro del tama√±o de un termotanque"" http://is.gd/3gfXb (@elfaco)",NEGATIVE,POSITIVE
"Autor del tweet: @soledadmartinez
Avatar del tweet: https://pbs.twimg.com/profile_images/1810332219258347520/9IPaw2fm_normal.jpg
Texto del tweet: RT @PabloMarolla: RT @lahamaca Basile: ""Me multaron por fumar un pucho, as√≠ que ahora me voy a fumar un porro del tama√±o de un termotanq ...",NEGATIVE,POSITIVE
"Autor del tweet: @CosmicSkylar
Avatar del tweet: https://pbs.twimg.com/profile_images/558786748663463937/CRz-mKg__normal.jpeg
Texto del tweet: Armar un pionono de repente me trajo la imagen a la cabeza de armar un porro...",NEGATIVE,POSITIVE
"Autor del tweet: @Rocksoniko
Avatar del tweet: https://pbs.twimg.com/profile_images/1143622978967654400/96_FqqmJ_normal.png
Texto del tweet: se podra hacer un interactivo de como armar un porro bien apretado???",NEGATIVE,POSITIVE
"Autor del tweet: @chemapunk
Avatar del tweet: https://pbs.twimg.com/profile_images/1872151295211220992/YM30BE2A_normal.jpg
Texto del tweet: Y Hendrix cre√≥ Purple Haze y vi√≥ que todo era bueno, se ech√≥ un porro y luego descanso...",NEGATIVE,POSITIVE
"Autor del tweet: @g_2R
Avatar del tweet: https://pbs.twimg.com/profile_images/430972936/perfil-06_normal.jpg
Texto del tweet: @livita tengo ahora un mate y un porro",NEGATIVE,POSITIVE
"Autor del tweet: @unyMoons
Avatar del tweet: https://pbs.twimg.com/profile_images/588718721092472834/-bxGrOei_normal.png
Texto del tweet: me dieron ganas de fumarme un porro XD ando viendo pineapple express, creo que a todos les pasa al ver esa peli XD",NEGATIVE,POSITIVE
"Autor del tweet: @HuberFlores
Avatar del tweet: https://pbs.twimg.com/profile_images/1534063879847874561/6n06ojvb_normal.jpg
Texto del tweet: me arden los ojos, los tengo rojos, como que me hubiera echado un porro :P",NEGATIVE,POSITIVE
"Autor del tweet: @jujuraptor
Avatar del tweet: https://pbs.twimg.com/profile_images/378800000129547168/4d343732cf7c44efdf263b34959f3ba2_normal.jpeg
Texto del tweet: @mevswonderland Fum√©monos un porro de John, el equivalente a la pipa de la paz xD
Este tweet es una respuesta a otro tweet.",POSITIVE,NEGATIVE
"Autor del tweet: @aLerzCL
Avatar del tweet: https://pbs.twimg.com/profile_images/1768039634917801985/2v1Fiqhc_normal.jpg
Texto del tweet: Te fumas un porro y te sent√≠s bob marley ‚ô´ - @elcuertetodenos",NEGATIVE,POSITIVE
"Autor del tweet: @SeoWelsh
Avatar del tweet: https://pbs.twimg.com/profile_images/598476745357004801/YQ6US8Sx_normal.jpg
Texto del tweet: @saralala ¬øTe has fumao un porro?
Este tweet es una respuesta a otro tweet.",NEGATIVE,POSITIVE
"Autor del tweet: @Sofia_25
Avatar del tweet: https://pbs.twimg.com/profile_images/489271674307481600/9gVdXqbB_normal.jpeg
Texto del tweet: chan! me fume un porro o me bajron los tweets .",NEGATIVE,POSITIVE
"Autor del tweet: @jamestrash
Avatar del tweet: https://pbs.twimg.com/profile_images/800643273291231232/vOCSZxgW_normal.jpg
Texto del tweet: si te quieres fumar un porro de las mejores rolas despues de las de marley y cultura profetica son  estas http://tinyurl.com/ydc2nhw",NEGATIVE,POSITIVE
"Autor del tweet: @Atanaryon
Avatar del tweet: https://pbs.twimg.com/profile_images/1142711919108902912/d7-UK9Cf_normal.jpg
Texto del tweet: @ester_sega Pues te van a salir caras. Es como si yo viniera a Amsterdam cada vez que quiero fumar un porro. Oh wait...
Este tweet es una respuesta a otro tweet.",POSITIVE,NEGATIVE
"Autor del tweet: @Calleja
Avatar del tweet: https://pbs.twimg.com/profile_images/1019014040994045953/0X3a1qnY_normal.jpg
Texto del tweet: No rulearia fumarse un porro con Paul McCartney? Pi√©nsenlo.",POSITIVE,NEGATIVE
"Autor del tweet: @dan_ae
Avatar del tweet: https://pbs.twimg.com/profile_images/1268469863032348672/2TwFe65y_normal.jpg
Texto del tweet: @T4cho jajajaj √©chate un porro!!! De paso dormir√°s como bb
Este tweet es una respuesta a otro tweet.",NEGATIVE,POSITIVE
"Autor del tweet: @AngieLunatic
Avatar del tweet: https://pbs.twimg.com/profile_images/1634683798708269061/LqyUtc-j_normal.jpg
Texto del tweet: Razonamiento inteligente: Para que quieres beber y conducir si puedes fumarte un porro y volar...",POSITIVE,NEGATIVE
"Autor del tweet: @anluito
Avatar del tweet: https://pbs.twimg.com/profile_images/574603008610340864/AUtRzNQF_normal.jpeg
Texto del tweet: En casita, ... con vertigo, es como estar borracha sin haber disfrutado ni un trago o un porro! 4 d√≠as: enough!!!!",NEGATIVE,POSITIVE
"Autor del tweet: @lamarihuana
Avatar del tweet: https://pbs.twimg.com/profile_images/1125486553143365634/Lun0MlcW_normal.jpg
Texto del tweet: (foro) AYUDA! Me pillaron con un porro de verde, dentro de un coche http://bit.ly/2trL9r",POSITIVE,NEGATIVE
"Autor del tweet: @caliope
Avatar del tweet: https://pbs.twimg.com/profile_images/1803246765736411137/BUFTnadn_normal.jpg
Texto del tweet: la frase del viaje fue: ""que bien me vendr√≠a un porro ahora"" by la abuela copada de la novia. La am√©!",NEGATIVE,POSITIVE
"Autor del tweet: @ferendus
Avatar del tweet: https://pbs.twimg.com/profile_images/1854085366590111744/7RHVhsxu_normal.jpg
Texto del tweet: @Auberon39 como no sea con el esp√≠ritu santo XD que estoy m√°s disponible que un perroflauta para un porro!",NEGATIVE,POSITIVE
"Autor del tweet: @florws
Avatar del tweet: https://pbs.twimg.com/profile_images/1568368555304910849/bxkJP5rd_normal.jpg
Texto del tweet: Una vez me chamuy√© a un peruano hot, estudiante de cine, hablandole de SENDERO LUMINOSO. Me regal√≥ un beso y un porro. CA-LI-DAD.",NEGATIVE,POSITIVE
"Autor del tweet: @zarags
Avatar del tweet: https://pbs.twimg.com/profile_images/1678098876664823808/4NxLaHyT_normal.jpg
Texto del tweet: tema de la clase de hoy: como liarse un porro...",NEGATIVE,POSITIVE
"Autor del tweet: @cuanuts
Avatar del tweet: https://pbs.twimg.com/profile_images/1483534018410913792/3m6mrZ0l_normal.jpg
Texto del tweet: Hoy so√±√© con una bicha que parec√≠a Celia Cruz en la selva. Y la bicha se fumaba un porro cada 5 minutos 6w",NEGATIVE,POSITIVE
"Autor del tweet: @pagestronic
Avatar del tweet: https://pbs.twimg.com/profile_images/1390046217527349254/kLJbGTfe_normal.jpg
Texto del tweet: Y que es esa mierda que si fumas usando mac no lo cubre la garatia?WTF esta noche uso el mio con un porro 3 papeles para que se acostumbreXD",NEGATIVE,POSITIVE
"Autor del tweet: @natiaz
Avatar del tweet: https://pbs.twimg.com/profile_images/992761279143206913/Ji9mPPUZ_normal.jpg
Texto del tweet: @nina_e Ama Rosa, te has fuma√≥ un porro?
Este tweet es una respuesta a otro tweet.",NEGATIVE,POSITIVE
"Autor del tweet: @Sofia_25
Avatar del tweet: https://pbs.twimg.com/profile_images/489271674307481600/9gVdXqbB_normal.jpeg
Texto del tweet: jja o me fume un porro o en una parte de Can¬¥t have you parce que dincen i wanna fuking ?",NEGATIVE,POSITIVE
"Autor del tweet: @Unhombreserio
Avatar del tweet: https://pbs.twimg.com/profile_images/1262172750027862016/nGrC6f54_normal.jpg
Texto del tweet: Pero dejen que H Potter se fume un porro tranqui, despu√©s enfrentar a Voldemort, yo tb me enrrolar√≠a uno grosero",NEGATIVE,POSITIVE
"Autor del tweet: @Apadriname
Avatar del tweet: https://pbs.twimg.com/profile_images/910850663/sdgergh_normal.jpg
Texto del tweet: Por cierto, ayer me cruc√© con Antonia San Juan que se iba fumando un porro de marihuana. Y que bien ol√≠a joder.",NEGATIVE,POSITIVE
"Autor del tweet: @_El_Beatle
Avatar del tweet: https://pbs.twimg.com/profile_images/378800000403671003/4804fe2f19d7b5969c4f0278ba0c4336_normal.jpeg
Texto del tweet: @Kivilili jajaja que toda guate se entere deci jajaja, mejor te mando un porro asi volas mas y me sale mas barato jajajaja",NEGATIVE,POSITIVE
"Autor del tweet: @GonzBradshaw
Avatar del tweet: https://pbs.twimg.com/profile_images/1706755411963981824/INsIVDJd_normal.jpg
Texto del tweet: @FutureMrsNoyes reirse es bueno!  y ver esa foto es como reirse mientras follas y te fumas un porro y te hacen cosquillas en los pies xD
Este tweet es una respuesta a otro tweet.",NEGATIVE,POSITIVE
"Autor del tweet: @miverga
Avatar del tweet: https://pbs.twimg.com/profile_images/371710282/mine__normal.jpg
Texto del tweet: @Carolonline un ca√±o? un porro, un cuete, un pito... o c√≥mo le llames! http://bit.ly/6kY6IG",NEGATIVE,POSITIVE
"Autor del tweet: @Ariell730
Avatar del tweet: https://pbs.twimg.com/profile_images/1053974841/avatar_normal.png
Texto del tweet: Por Que Se Alarman Si Marilyn Monroe Se Fumo Un Porro ... Eso Es Medicina ... !!",POSITIVE,NEGATIVE
"Autor del tweet: @desierto2021
Avatar del tweet: https://pbs.twimg.com/profile_images/428615700798636032/chHJdpQr_normal.jpeg
Texto del tweet: Marilyn fumando un porro.... http://bit.ly/6j99Qf",NEGATIVE,POSITIVE
"Autor del tweet: @gordxestridente
Avatar del tweet: https://pbs.twimg.com/profile_images/1584954352237780994/74mGVGuE_normal.jpg
Texto del tweet: @DaimyRain Esto es para titular ""Fumate un porro y divertite toda la noche!"" Es GENIAL",NEGATIVE,POSITIVE
"Autor del tweet: @alexliam
Avatar del tweet: https://pbs.twimg.com/profile_images/1306192590400901124/dB6JSnNs_normal.jpg
Texto del tweet: @makoworks tas fumao un porro, amparo?
Este tweet es una respuesta a otro tweet.",NEGATIVE,POSITIVE
"Autor del tweet: @Ssiguenzar
Avatar del tweet: https://pbs.twimg.com/profile_images/1347640450707034112/WP69EkGL_normal.jpg
Texto del tweet: he perdido un follower ! dios! tendr√© q fumarme un porro para pasar el mal trago...",NEGATIVE,POSITIVE
"Autor del tweet: @jorgecoronel
Avatar del tweet: https://pbs.twimg.com/profile_images/1780788926891851776/21ZhmEKe_normal.jpg
Texto del tweet: Les muestro un porro. Me miran y sonr√≠en pl√°cidamente. No me creyeron... :( #frustracion",NEGATIVE,POSITIVE
"Autor del tweet: @JULIOMORENO
Avatar del tweet: https://pbs.twimg.com/profile_images/1245930266587066371/R4ABt7GX_normal.jpg
Texto del tweet: De cual se fumo james Camer√≥n jajjajaj para esta pel√≠cula y sus personajes √≥sea fue un porro aun verde hey james deja q seque jajaja",NEGATIVE,POSITIVE
